date,production_t,stocks_t
2015-01-01,1160687.0,1761895.0
2015-02-01,1121628.0,1736159.0
2015-03-01,1495151.0,1858392.0
2015-04-01,1693425.0,2182012.0
2015-05-01,1810530.0,2239486.0
2015-06-01,1763667.0,2141910.0
2015-07-01,1815634.0,2257897.0
2015-08-01,2051000.0,2491966.0
2015-09-01,1959064.0,2641292.0
2015-10-01,2037466.0,2835348.0
2015-11-01,1653946.0,2910929.0
2015-12-01,1399383.0,2633940.0
2016-01-01,1129747.0,2308778.0
2016-02-01,1042707.0,2170341.0
2016-03-01,1219449.0,1885631.0
2016-04-01,1301291.0,1804495.0
2016-05-01,1364583.0,1649859.0
2016-06-01,1532613.0,1774625.0
2016-07-01,1585341.0,1770367.0
2016-08-01,1701833.0,1464081.0
2016-09-01,1715085.0,1546758.0
2016-10-01,1677873.0,1574471.0
2016-11-01,1574938.0,1663728.0
2016-12-01,1473717.0,1666673.0
2017-01-01,1276849.0,1541088.0
2017-02-01,1258539.0,1459361.0
2017-03-01,1464021.0,1553219.0
2017-04-01,1548026.0,1600126.0
2017-05-01,1654494.0,1557354.0
2017-06-01,1514255.0,1526839.0
2017-07-01,1826828.0,1784369.0
2017-08-01,1810551.0,1941717.0
2017-09-01,1779918.0,2015922.0
2017-10-01,2008838.0,2203383.0
2017-11-01,1942847.0,2553739.0
2017-12-01,1834165.0,2732093.0
2018-01-01,1586653.0,2548712.0
2018-02-01,1342805.0,2476453.0
2018-03-01,1574079.0,2339953.0
2018-04-01,1558769.0,2194102.0
2018-05-01,1525490.0,2193257.0
2018-06-01,1332704.0,2204187.0
2018-07-01,1503220.0,2231550.0
2018-08-01,1620605.0,2504924.0
2018-09-01,1853602.0,2529455.0
2018-10-01,1964954.0,2722669.0
2018-11-01,1845222.0,3007095.0
2018-12-01,1808038.0,3216476.0
2019-01-01,1737461.0,3002871.0
2019-02-01,1544518.0,3056948.0
2019-03-01,1672058.0,2920377.0
2019-04-01,1649368.0,2726910.0
2019-05-01,1671467.0,2444458.0
2019-06-01,1510957.0,2410828.0
2019-07-01,1740759.0,2378272.0
2019-08-01,1821548.0,2240491.0
2019-09-01,1842433.0,2448484.0
2019-10-01,1795841.0,2352279.0
2019-11-01,1538053.0,2255082.0
2019-12-01,1333904.0,2010527.0
2020-01-01,1171534.0,1755417.0
2020-02-01,1288515.0,1700261.0
2020-03-01,1401481.0,1729592.0
2020-04-01,1652771.0,2044498.0
2020-05-01,1651336.0,2029579.0
2020-06-01,1885742.0,1898372.0
2020-07-01,1807397.0,1699171.0
2020-08-01,1863309.0,1702809.0
2020-09-01,1869256.0,1721802.0
2020-10-01,1724559.0,1573389.0
2020-11-01,1491074.0,1562317.0
2020-12-01,1333639.0,1265698.0
2021-01-01,1126457.0,1324639.0
2021-02-01,1108236.0,1306022.0
2021-03-01,1423483.0,1443916.0
2021-04-01,1528121.0,1545905.0
2021-05-01,1571525.0,1569418.0
2021-06-01,1606187.0,1614226.0
2021-07-01,1527761.0,1498269.0
2021-08-01,1710356.0,1877773.0
2021-09-01,1703740.0,1756404.0
2021-10-01,1725837.0,1834568.0
2021-11-01,1634932.0,1817061.0
2021-12-01,1449719.0,1614594.0
2022-01-01,1253577.0,1551151.0
2022-02-01,1137460.0,1518238.0
2022-03-01,1411215.0,1472844.0
2022-04-01,1462050.0,1642811.0
2022-05-01,1460972.0,1521766.0
2022-06-01,1545111.0,1645836.0
2022-07-01,1573563.0,1774308.0
2022-08-01,1725787.0,2094678.0
2022-09-01,1770441.0,2318202.0
2022-10-01,1813596.0,2411113.0
2022-11-01,1680741.0,2291291.0
2022-12-01,1618833.0,2196574.0
2023-01-01,1380410.0,2268198.0
2023-02-01,1253664.0,2119854.0
2023-03-01,1288354.0,1674022.0
2023-04-01,1196782.0,1497877.0
2023-05-01,1517546.0,1690204.0
2023-06-01,1447697.0,1718771.0
2023-07-01,1609977.0,1733900.0
2023-08-01,1753472.0,2110980.0
2023-09-01,1829434.0,2312329.0
2023-10-01,1937224.0,2447038.0
2023-11-01,1788870.0,2402611.0
2023-12-01,1550796.0,2290793.0
2024-01-01,1402355.0,2020191.0
2024-02-01,1259383.0,1920113.0
2024-03-01,1392471.0,1712554.0
2024-04-01,1501905.0,1744695.0
2024-05-01,1704495.0,1753469.0
2024-06-01,1615283.0,1831239.0
2024-07-01,1840999.0,1754384.0
2024-08-01,1893859.0,1883328.0
2024-09-01,1821933.0,2011768.0
2024-10-01,1797348.0,1885183.0
2024-11-01,1621294.0,1836167.0
2024-12-01,1486942.0,1708756.0
2025-01-01,1239895.0,1580934.0
2025-02-01,1188443.0,1509942.0
2025-03-01,1387616.0,1563831.0
2025-04-01,1686379.0,1865536.0
2025-05-01,1771621.0,1982895.0
2025-06-01,1692370.0,2031249.0
2025-07-01,1812467.0,2113881.0
2025-08-01,1854756.0,2201618.0
2025-09-01,1840983.0,2359572.0
2025-10-01,2043886.0,2508396.0
2025-11-01,1935510.0,2835439.0
2025-12-01,1829549.0,3051147.0
2026-01-01,1576683.0,2814849.0
2026-02-01,1284268.0,2703521.0
2026-03-01,1376849.0,2270574.0
2026-04-01,1629801.0,2308944.0
2026-05-01,1516327.0,2427943.0
2026-06-01,1638796.0,2543830.0
2026-07-01,1792596.0,2627898.0
2026-08-01,1817499.0,2824488.0
