date,price_usd,rain_mm
2015-01-01,720,388.9
2015-02-01,723,91.2
2015-03-01,699,75.3
2015-04-01,683,139.3
2015-05-01,697,120.0
2015-06-01,706,210.5
2015-07-01,680,139.5
2015-08-01,601,144.5
2015-09-01,600,248.4
2015-10-01,637,159.0
2015-11-01,608,300.7
2015-12-01,607,156.6
2016-01-01,612,91.8
2016-02-01,679,117.4
2016-03-01,716,68.0
2016-04-01,775,81.4
2016-05-01,753,235.3
2016-06-01,718,221.5
2016-07-01,678,317.9
2016-08-01,771,304.4
2016-09-01,798,359.4
2016-10-01,750,505.2
2016-11-01,767,399.9
2016-12-01,811,328.1
2017-01-01,825,551.5
2017-02-01,809,381.8
2017-03-01,779,360.59999999999997
2017-04-01,752,369.6
2017-05-01,763,460.59999999999997
2017-06-01,735,421.4
2017-07-01,720,323.9
2017-08-01,718,400.0
2017-09-01,754,353.7
2017-10-01,747,295.4
2017-11-01,729,412.1
2017-12-01,679,336.2
2018-01-01,703,503.7
2018-02-01,709,377.2
2018-03-01,706,324.2
2018-04-01,701,249.6
2018-05-01,687,299.9
2018-06-01,657,170.2
2018-07-01,616,207.7
2018-08-01,615,226.1
2018-09-01,605,351.2
2018-10-01,590,303.7
2018-11-01,539,357.1
2018-12-01,535,338.2
2019-01-01,585,346.1
2019-02-01,603,69.8
2019-03-01,573,120.10000000000001
2019-04-01,588,101.3
2019-05-01,564,205.5
2019-06-01,552,339.5
2019-07-01,544,197.7
2019-08-01,586,173.5
2019-09-01,580,127.6
2019-10-01,591,334.1
2019-11-01,685,289.1
2019-12-01,764,487.2
2020-01-01,810,239.7
2020-02-01,729,152.0
2020-03-01,636,82.9
2020-04-01,609,114.4
2020-05-01,577,169.5
2020-06-01,656,237.29999999999998
2020-07-01,694,215.6
2020-08-01,760,259.6
2020-09-01,796,311.7
2020-10-01,819,306.9
2020-11-01,918,572.5
2020-12-01,1016,365.8
2021-01-01,990,670.4
2021-02-01,1020,229.4
2021-03-01,1030,205.0
2021-04-01,1078,178.1
2021-05-01,1136,298.7
2021-06-01,1004,221.7
2021-07-01,1063,254.0
2021-08-01,1142,243.89999999999998
2021-09-01,1181,276.7
2021-10-01,1310,271.9
2021-11-01,1341,391.0
2021-12-01,1270,351.6
2022-01-01,1345,348.1
2022-02-01,1522,299.6
2022-03-01,1777,293.1
2022-04-01,1683,294.5
2022-05-01,1717,314.3
2022-06-01,1501,181.0
2022-07-01,1057,320.5
2022-08-01,1026,219.3
2022-09-01,909,216.7
2022-10-01,889,468.6
2022-11-01,946,273.1
2022-12-01,940,403.3
2023-01-01,942,381.5
2023-02-01,950,255.9
2023-03-01,972,173.8
2023-04-01,1005,105.6
2023-05-01,934,264.4
2023-06-01,817,360.0
2023-07-01,879,223.8
2023-08-01,861,163.1
2023-09-01,830,278.6
2023-10-01,804,224.1
2023-11-01,830,300.4
2023-12-01,814,197.6
2024-01-01,845,227.6
2024-02-01,857,115.0
2024-03-01,943,60.2
2024-04-01,936,106.89999999999999
2024-05-01,859,112.2
2024-06-01,874,248.70000000000002
2024-07-01,896,183.0
2024-08-01,933,163.8
2024-09-01,983,97.0
2024-10-01,1077,166.1
2024-11-01,1169,266.40000000000003
2024-12-01,1190,294.9
2025-01-01,1070,456.3
2025-02-01,1067,293.8
2025-03-01,1068,421.2
2025-04-01,994,154.7
2025-05-01,908,160.9
2025-06-01,935,222.2
2025-07-01,976,110.2
2025-08-01,1026,269.1
2025-09-01,1037,199.8
2025-10-01,1038,301.4
2025-11-01,983,260.1
2025-12-01,980,295.4
2026-01-01,1005,187.3
2026-02-01,1039,329.9
2026-03-01,1109,92.4
2026-04-01,1146,50.2
2026-05-01,1136,143.5
2026-06-01,1104,234.5
2026-07-01,1101,174.1
2026-08-01,1117,106.8
