date,price_usd,rain_mm,production_t,stocks_t
2015-01-01,720,388.9,1160687.0,1761895.0
2015-02-01,723,91.2,1121628.0,1736159.0
2015-03-01,699,75.3,1495151.0,1858392.0
2015-04-01,683,139.3,1693425.0,2182012.0
2015-05-01,697,120.0,1810530.0,2239486.0
2015-06-01,706,210.5,1763667.0,2141910.0
2015-07-01,680,139.5,1815634.0,2257897.0
2015-08-01,601,144.5,2051000.0,2491966.0
2015-09-01,600,248.4,1959064.0,2641292.0
2015-10-01,637,159.0,2037466.0,2835348.0
2015-11-01,608,300.7,1653946.0,2910929.0
2015-12-01,607,156.6,1399383.0,2633940.0
2016-01-01,612,91.8,1129747.0,2308778.0
2016-02-01,679,117.4,1042707.0,2170341.0
2016-03-01,716,68.0,1219449.0,1885631.0
2016-04-01,775,81.4,1301291.0,1804495.0
2016-05-01,753,235.3,1364583.0,1649859.0
2016-06-01,718,221.5,1532613.0,1774625.0
2016-07-01,678,317.9,1585341.0,1770367.0
2016-08-01,771,304.4,1701833.0,1464081.0
2016-09-01,798,359.4,1715085.0,1546758.0
2016-10-01,750,505.2,1677873.0,1574471.0
2016-11-01,767,399.9,1574938.0,1663728.0
2016-12-01,811,328.1,1473717.0,1666673.0
2017-01-01,825,551.5,1276849.0,1541088.0
2017-02-01,809,381.8,1258539.0,1459361.0
2017-03-01,779,360.6,1464021.0,1553219.0
2017-04-01,752,369.6,1548026.0,1600126.0
2017-05-01,763,460.6,1654494.0,1557354.0
2017-06-01,735,421.4,1514255.0,1526839.0
2017-07-01,720,323.9,1826828.0,1784369.0
2017-08-01,718,400.0,1810551.0,1941717.0
2017-09-01,754,353.7,1779918.0,2015922.0
2017-10-01,747,295.4,2008838.0,2203383.0
2017-11-01,729,412.1,1942847.0,2553739.0
2017-12-01,679,336.2,1834165.0,2732093.0
2018-01-01,703,503.7,1586653.0,2548712.0
2018-02-01,709,377.2,1342805.0,2476453.0
2018-03-01,706,324.2,1574079.0,2339953.0
2018-04-01,701,249.6,1558769.0,2194102.0
2018-05-01,687,299.9,1525490.0,2193257.0
2018-06-01,657,170.2,1332704.0,2204187.0
2018-07-01,616,207.7,1503220.0,2231550.0
2018-08-01,615,226.1,1620605.0,2504924.0
2018-09-01,605,351.2,1853602.0,2529455.0
2018-10-01,590,303.7,1964954.0,2722669.0
2018-11-01,539,357.1,1845222.0,3007095.0
2018-12-01,535,338.2,1808038.0,3216476.0
2019-01-01,585,346.1,1737461.0,3002871.0
2019-02-01,603,69.8,1544518.0,3056948.0
2019-03-01,573,120.1,1672058.0,2920377.0
2019-04-01,588,101.3,1649368.0,2726910.0
2019-05-01,564,205.5,1671467.0,2444458.0
2019-06-01,552,339.5,1510957.0,2410828.0
2019-07-01,544,197.7,1740759.0,2378272.0
2019-08-01,586,173.5,1821548.0,2240491.0
2019-09-01,580,127.6,1842433.0,2448484.0
2019-10-01,591,334.1,1795841.0,2352279.0
2019-11-01,685,289.1,1538053.0,2255082.0
2019-12-01,764,487.2,1333904.0,2010527.0
2020-01-01,810,239.7,1171534.0,1755417.0
2020-02-01,729,152.0,1288515.0,1700261.0
2020-03-01,636,82.9,1401481.0,1729592.0
2020-04-01,609,114.4,1652771.0,2044498.0
2020-05-01,577,169.5,1651336.0,2029579.0
2020-06-01,656,237.3,1885742.0,1898372.0
2020-07-01,694,215.6,1807397.0,1699171.0
2020-08-01,760,259.6,1863309.0,1702809.0
2020-09-01,796,311.7,1869256.0,1721802.0
2020-10-01,819,306.9,1724559.0,1573389.0
2020-11-01,918,572.5,1491074.0,1562317.0
2020-12-01,1016,365.8,1333639.0,1265698.0
2021-01-01,990,670.4,1126457.0,1324639.0
2021-02-01,1020,229.4,1108236.0,1306022.0
2021-03-01,1030,205.0,1423483.0,1443916.0
2021-04-01,1078,178.1,1528121.0,1545905.0
2021-05-01,1136,298.7,1571525.0,1569418.0
2021-06-01,1004,221.7,1606187.0,1614226.0
2021-07-01,1063,254.0,1527761.0,1498269.0
2021-08-01,1142,243.9,1710356.0,1877773.0
2021-09-01,1181,276.7,1703740.0,1756404.0
2021-10-01,1310,271.9,1725837.0,1834568.0
2021-11-01,1341,391.0,1634932.0,1817061.0
2021-12-01,1270,351.6,1449719.0,1614594.0
2022-01-01,1345,348.1,1253577.0,1551151.0
2022-02-01,1522,299.6,1137460.0,1518238.0
2022-03-01,1777,293.1,1411215.0,1472844.0
2022-04-01,1683,294.5,1462050.0,1642811.0
2022-05-01,1717,314.3,1460972.0,1521766.0
2022-06-01,1501,181.0,1545111.0,1645836.0
2022-07-01,1057,320.5,1573563.0,1774308.0
2022-08-01,1026,219.3,1725787.0,2094678.0
2022-09-01,909,216.7,1770441.0,2318202.0
2022-10-01,889,468.6,1813596.0,2411113.0
2022-11-01,946,273.1,1680741.0,2291291.0
2022-12-01,940,403.3,1618833.0,2196574.0
2023-01-01,942,381.5,1380410.0,2268198.0
2023-02-01,950,255.9,1253664.0,2119854.0
2023-03-01,972,173.8,1288354.0,1674022.0
2023-04-01,1005,105.6,1196782.0,1497877.0
2023-05-01,934,264.4,1517546.0,1690204.0
2023-06-01,817,360.0,1447697.0,1718771.0
2023-07-01,879,223.8,1609977.0,1733900.0
2023-08-01,861,163.1,1753472.0,2110980.0
2023-09-01,830,278.6,1829434.0,2312329.0
2023-10-01,804,224.1,1937224.0,2447038.0
2023-11-01,830,300.4,1788870.0,2402611.0
2023-12-01,814,197.6,1550796.0,2290793.0
2024-01-01,845,227.6,1402355.0,2020191.0
2024-02-01,857,115.0,1259383.0,1920113.0
2024-03-01,943,60.2,1392471.0,1712554.0
2024-04-01,936,106.9,1501905.0,1744695.0
2024-05-01,859,112.2,1704495.0,1753469.0
2024-06-01,874,248.7,1615283.0,1831239.0
2024-07-01,896,183.0,1840999.0,1754384.0
2024-08-01,933,163.8,1893859.0,1883328.0
2024-09-01,983,97.0,1821933.0,2011768.0
2024-10-01,1077,166.1,1797348.0,1885183.0
2024-11-01,1169,266.4,1621294.0,1836167.0
2024-12-01,1190,294.9,1486942.0,1708756.0
2025-01-01,1070,456.3,1239895.0,1580934.0
2025-02-01,1067,293.8,1188443.0,1509942.0
2025-03-01,1068,421.2,1387616.0,1563831.0
2025-04-01,994,154.7,1686379.0,1865536.0
2025-05-01,908,160.9,1771621.0,1982895.0
2025-06-01,935,222.2,1692370.0,2031249.0
2025-07-01,976,110.2,1812467.0,2113881.0
2025-08-01,1026,269.1,1854756.0,2201618.0
2025-09-01,1037,199.8,1840983.0,2359572.0
2025-10-01,1038,301.4,2043886.0,2508396.0
2025-11-01,983,260.1,1935510.0,2835439.0
2025-12-01,980,295.4,1829549.0,3051147.0
2026-01-01,1005,187.3,1576683.0,2814849.0
2026-02-01,1039,329.9,1284268.0,2703521.0
2026-03-01,1109,92.4,1376849.0,2270574.0
2026-04-01,1146,50.2,1629801.0,2308944.0
2026-05-01,1136,143.5,1516327.0,2427943.0
2026-06-01,1104,234.5,1638796.0,2543830.0
2026-07-01,1101,174.1,1792596.0,2627898.0
2026-08-01,1117,106.8,1817499.0,2824488.0
