date,production_t
2015-01-01,1160687
2015-02-01,1121628
2015-03-01,1495151
2015-04-01,1693425
2015-05-01,1810530
2015-06-01,1763667
2015-07-01,1815634
2015-08-01,2051000
2015-09-01,1959064
2015-10-01,2037466
2015-11-01,1653946
2015-12-01,1399383
2016-01-01,1129747
2016-02-01,1042707
2016-03-01,1219449
2016-04-01,1301291
2016-05-01,1364583
2016-06-01,1532613
2016-07-01,1585341
2016-08-01,1701833
2016-09-01,1715085
2016-10-01,1677873
2016-11-01,1574938
2018-01-01,1586653
2018-02-01,1342805
2018-03-01,1574079
2018-04-01,1558769
2018-05-01,1525490
2018-06-01,1332704
2018-07-01,1503220
2018-08-01,1620605
2018-09-01,1853602
2018-10-01,1964954
2018-11-01,1845222
2018-12-01,1808038
2019-01-01,1737461
2019-02-01,1544518
2019-03-01,1672058
2019-04-01,1649368
2019-05-01,1671467
2019-06-01,1510957
2019-07-01,1740759
2019-08-01,1821548
2019-09-01,1842433
2019-10-01,1795841
2019-11-01,1538053
2019-12-01,1333904
2020-01-01,1171534
2020-02-01,1288515
2020-03-01,1401481
2020-04-01,1652771
2020-05-01,1651336
2020-06-01,1885742
2020-07-01,1807397
2020-08-01,1863309
2020-09-01,1869256
2020-10-01,1724559
2020-11-01,1491074
2022-06-01,1545111
2022-07-01,1573563
2022-08-01,1725787
2022-09-01,1770441
2022-10-01,1813596
2022-11-01,1680741
2022-12-01,1618833
2023-01-01,1380410
2023-02-01,1253664
2023-03-01,1288354
2023-04-01,1196782
2023-05-01,1517546
2023-06-01,1447697
2023-07-01,1609977
2023-08-01,1753472
2023-09-01,1829434
2023-10-01,1937224
2023-11-01,1788870
