date,price_usd,pred_naive,pred_linear,pred_forest
2024-01-01,845,814.0,815.9,827.2
2024-02-01,857,845.0,867.4,846.7
2024-03-01,943,857.0,862.6,852.9
2024-04-01,936,943.0,971.9,977.6
2024-05-01,859,936.0,930.8,923.2
2024-06-01,874,859.0,838.0,844.8
2024-07-01,896,874.0,874.1,862.6
2024-08-01,933,896.0,907.2,921.3
2024-09-01,983,933.0,938.5,943.1
2024-10-01,1077,983.0,995.6,999.5
2024-11-01,1169,1077.0,1113.9,1126.9
2024-12-01,1190,1169.0,1203.5,1216.2
2025-01-01,1070,1190.0,1199.8,1200.2
2025-02-01,1067,1070.0,1039.9,1046.3
2025-03-01,1068,1067.0,1066.1,1073.4
2025-04-01,994,1068.0,1061.0,1050.0
2025-05-01,908,994.0,958.7,958.8
2025-06-01,935,908.0,881.0,879.6
2025-07-01,976,935.0,944.7,943.1
2025-08-01,1026,976.0,988.3,998.2
2025-09-01,1037,1026.0,1040.4,1029.8
2025-10-01,1038,1037.0,1038.7,1048.9
2025-11-01,983,1038.0,1037.0,1042.9
2025-12-01,980,983.0,963.8,959.3
2026-01-01,1005,980.0,971.2,976.4
2026-02-01,1039,1005.0,1030.0,1017.4
2026-03-01,1109,1039.0,1059.5,1039.5
2026-04-01,1146,1109.0,1152.0,1121.8
2026-05-01,1136,1146.0,1159.3,1148.6
2026-06-01,1104,1136.0,1131.3,1106.1
2026-07-01,1101,1104.0,1096.6,1102.6
2026-08-01,1117,1101.0,1103.1,1117.4
